1º,Química Geral - PA,Engenharia de Computação,MR01,4QUI,7:15,8:30,
1º,Química Geral - PB,Engenharia de Computação,MR01,4QUI,8:40,9:55,
1º,Química Geral,Engenharia de Computação,MR01,4QUI,10:05,11:20,
1º,Introdução à Engenharia,Engenharia de Computação,MR01,3QUA,8:40,9:55,
1º,Cálculo I,Engenharia de Computação,MR01,2TER,10:05,11:20,
1º,Cálculo I,Engenharia de Computação,MR01,2TER,11:30,12:45,
1º,Algoritmos e Programação                                                                  ,Engenharia de Computação,MR01,2TER,7:15,8:30,
1º,Algoritmos e Programação                                                                  ,Engenharia de Computação,MR01,2TER,8:40,9:55,
1º,Comunicação Profissional,Engenharia de Computação,MR01,3QUA,10:05,11:20,
1º,Química Geral ,Engenharia de Computação,NR01,3QUA,17:30,18:45,
1º,Química Geral - PA,Engenharia de Computação,NR01,3QUA,19:00,20:15,
1º,Química Geral - PB,Engenharia de Computação,NR01,3QUA,20:35,21:50,
1º,Introdução à Engenharia,Engenharia de Computação,NR01,1SEG,19:00,20:15,
1º,Cálculo I,Engenharia de Computação,NR01,4QUI,19:00,20:15,
1º,Cálculo I,Engenharia de Computação,NR01,4QUI,20:35,21:50,
1º,Algoritmos e Programação                                              ,Engenharia de Computação,NR01,5SEX,19:00,20:15,
1º,Algoritmos e Programação                                              ,Engenharia de Computação,NR01,5SEX,20:35,21:50,
1º,Comunicação Profissional,Engenharia de Computação,NR01,1SEG,20:35,21:50,
2º,Desafios Contemporâneos,Engenharia de Computação,MR01,1SEG,17:30,18:45,
2º,Física - Mecânica,Engenharia de Computação,NR01,5SEX,19:00,20:15,
2º,Física - Mecânica - PA,Engenharia de Computação,NR01,5SEX,17:30,18:45,
2º,Física - Mecânica - PB,Engenharia de Computação,NR01,5SEX,20:35,21:50,
2º,Linguagem de Programação,Engenharia de Computação,NR01,3QUA,10:05,11:20,
2º,Linguagem de Programação,Engenharia de Computação,NR01,3QUA,11:30,12:45,
2º,Geometria Analítica e Álgebra Linear,Engenharia de Computação,NR01,4QUI,19:00,20:15,
2º,Geometria Analítica e Álgebra Linear,Engenharia de Computação,NR01,4QUI,20:35,21:50,
2º,Cálculo II,Engenharia de Computação,NR01,2TER,19:00,20:15,
2º,Cálculo II,Engenharia de Computação,NR01,2TER,20:35,21:50,
2º,Expressão Gráfica,Engenharia de Computação,NR01,1SEG,19:00,20:15,
2º,Expressão Gráfica,Engenharia de Computação,NR01,1SEG,20:35,21:50,
2º,Desafios Contemporâneos,Engenharia de Computação,NR01,2TER,17:30,18:45,
3º,Desenvolvimento Humano e Social,Engenharia de Computação,NR01,1SEG,17:30,18:45,
3º,Física - Eletricidade,Engenharia de Computação,NR01,5SEX,17:30,18:45,
3º,Física - Eletricidade - PB,Engenharia de Computação,NR01,5SEX,19:00,20:15,
3º,Física - Eletricidade - PB,Engenharia de Computação,NR01,5SEX,20:35,21:50,
3º,Mecânica dos Sólidos,Engenharia de Computação,NR01,3QUA,19:00,20:15,
3º,Mecânica dos Sólidos,Engenharia de Computação,NR01,3QUA,20:35,21:50,
3º,Estrutura de Dados com Orientação a Objetos,Engenharia de Computação,NR01,2TER,19:00,20:15,
3º,Estrutura de Dados com Orientação a Objetos,Engenharia de Computação,NR01,2TER,20:35,21:50,
3º,Cálculo III,Engenharia de Computação,NR01,4QUI,19:00,20:15,
3º,Cálculo III,Engenharia de Computação,NR01,4QUI,20:35,21:50,
3º,Sistemas Digitais,Engenharia de Computação,NR01,1SEG,19:00,21:50,
3º,Sistemas Digitais,Engenharia de Computação,NR01,1SEG,20:35,21:50,
3º,Desenvolvimento Humano e Social,Engenharia de Computação,NR01,2TER,17:30,18:45,
4º,Circuitos Elétricos I,Engenharia de Computação,NR01,5SEX,19:00,20:15,
4º,Circuitos Elétricos I,Engenharia de Computação,NR01,5SEX,20:35,21:50,
4º,Ciência e Tecnologia dos Materiais,Engenharia de Computação,NR01,3QUA,19:00,20:15,
4º,Ciência e Tecnologia dos Materiais,Engenharia de Computação,NR01,3QUA,20:35,21:50,
4º,Cálculo IV,Engenharia de Computação,NR01,1SEG,17:30,18:45,
4º,Cálculo IV,Engenharia de Computação,NR01,2TER,17:30,18:45,
4º,Arquitetura de Computadores e Microprocessadores,Engenharia de Computação,NR01,2TER,19:00,20:15,
4º,Arquitetura de Computadores e Microprocessadores,Engenharia de Computação,NR01,2TER,20:35,21:50,
4º,Cálculo Numérico,Engenharia de Computação,NR01,2TER,17:30,18:45,
5º,Arquitetura de Computadores e Microprocessadores,Engenharia de Computação,NR01,2TER,19:00,20:15,
5º,Arquitetura de Computadores e Microprocessadores,Engenharia de Computação,NR01,2TER,20:35,21:50,
5º,Eletrônica Analógica,Engenharia de Computação,NR01,2TER,19:00,20:15,
5º,Eletrônica Analógica,Engenharia de Computação,NR01,2TER,20:35,21:50,
5º,Sistemas Operacionais,Engenharia de Computação,NR01,4QUI,19:00,20:15,
5º,Sistemas Operacionais,Engenharia de Computação,NR01,4QUI,20:35,21:50,
5º,Programação de Dispositivos Móveis,Engenharia de Computação,NR01,3QUA,19:00,20:15,
5º,Programação de Dispositivos Móveis,Engenharia de Computação,NR01,3QUA,20:35,21:50,
5º,Microcontroladores e Aplicações,Engenharia de Computação,NR01,1SEG,19:00,20:15,
5º,Microcontroladores e Aplicações,Engenharia de Computação,NR01,1SEG,20:35,21:50,
5º,Filosofia,Engenharia de Computação,NR01,1SEG,17:30,18:45,
6º,Probabilidade e Estatística,Engenharia de Computação,NR01,,,,
6º,Linguagens Formais e Compiladores,Engenharia de Computação,NR01,3QUA,19:00,20:15,
6º,Linguagens Formais e Compiladores,Engenharia de Computação,NR01,3QUA,20:35,21:50,
6º,Eletromagnetismo,Engenharia de Computação,NR01,1SEG,19:00,20:15,
6º,Eletromagnetismo,Engenharia de Computação,NR01,1SEG,20:35,21:50,
6º,Computação Gráfica,Engenharia de Computação,NR01,5SEX,19:00,20:15,
6º,Computação Gráfica,Engenharia de Computação,NR01,5SEX,20:35,21:50,
6º,Sinais e Sistemas,Engenharia de Computação,NR01,1SEG,17:30,18:45,
6º,Sinais e Sistemas,Engenharia de Computação,NR01,3QUA,17:30,18:45,
6º,Psicologia e Comportamento,Engenharia de Computação,NR01,2TER,19:00,20:15,
7º,Pesquisa Operacional,Engenharia de Computação,NR01,4QUI,19:00,20:15,
7º,Pesquisa Operacional,Engenharia de Computação,NR01,4QUI,20:35,21:50,
7º,Banco de Dados I,Engenharia de Computação,NR01,5SEX,19:00,20:15,
7º,Banco de Dados I,Engenharia de Computação,NR01,5SEX,20:35,21:50,
7º,Paradigmas de Linguagem de Programação,Engenharia de Computação,NR01,2TER,19:00,20:15,
7º,Paradigmas de Linguagem de Programação,Engenharia de Computação,NR01,2TER,20:35,21:50,
7º,Processamento Digital de Imagens,Engenharia de Computação,NR01,3QUA,19:00,20:15,
7º,Processamento Digital de Imagens,Engenharia de Computação,NR01,3QUA,20:35,21:50,
7º,Acionamentos e Motores Elétricos,Engenharia de Computação,NR01,1SEG,17:30,18:45,
7º,Acionamentos e Motores Elétricos,Engenharia de Computação,NR01,5SEX,17:30,18:45,
7º,Arte e Cultura,Engenharia de Computação,NR01,1SEG,19:00,20:15,
8º,Redes de Computadores I,Engenharia de Computação,NR01,3QUA,19:00,20:15,
8º,Redes de Computadores I,Engenharia de Computação,NR01,3QUA,20:35,21:50,
8º,Desenvolvimento de Aplicações Web,Engenharia de Computação,NR01,1SEG,19:00,20:15,
8º,Desenvolvimento de Aplicações Web,Engenharia de Computação,NR01,1SEG,20:35,21:50,
8º,Metodologia da Pesquisa,Engenharia de Computação,NR01,6SAB,7:15,8:30,
8º,Elementos de Automação e Robótica,Engenharia de Computação,NR01,2TER,19:00,20:15,
8º,Elementos de Automação e Robótica,Engenharia de Computação,NR01,2TER,20:35,21:50,
8º,Saúde e Qualidade de Vida ,Engenharia de Computação,NR01,4QUI,19:00,20:15,
9º,Mecânica dos Fluídos I,Engenharia de Computação,NR01,3QUA,17:30,18:45,
9º,Mecânica dos Fluídos I,Engenharia de Computação,NR01,2TER,17:30,18:45,
9º,Inteligência Artificial,Engenharia de Computação,NR01,1SEG,17:30,18:45,
9º,Inteligência Artificial,Engenharia de Computação,NR01,3QUA,17:30,18:45,
9º,Redes de Computadores II,Engenharia de Computação,NR01,5SEX,19:00,20:15,
9º,Redes de Computadores II,Engenharia de Computação,NR01,5SEX,20:35,21:50,
9º,Empreendedorismo,Engenharia de Computação,NR01,4QUI,19:00,20:15,
10º,Gestão de Empreendimentos de Engenharia,Engenharia de Computação,NR01,3QUA,19:00,20:15,
10º,Engenharia de Software,Engenharia de Computação,NR01,2TER,18:30,20:10,
10º,Engenharia de Software,Engenharia de Computação,NR01,2TER,20:20,22:00,
10º,Inteligência Artificial,Engenharia de Computação,NR01,1SEG,17:30,18:45,
10º,Inteligência Artificial,Engenharia de Computação,NR01,3QUA,17:30,18:45,
10º,"Sociedade, Direito e Cidadania",Engenharia de Computação,NR01,3QUA,20:35,21:50,
1º,Introdução à Engenharia,Engenharia Elétrica,MR01,3QUA,10:05,11:20,
1º,Algoritmos e Programação                                                                  ,Engenharia Elétrica,MR01,5SEX,10:05,11:20,
1º,Algoritmos e Programação                                                                  ,Engenharia Elétrica,MR01,5SEX,11:30,12:45,
1º,Cálculo I,Engenharia Elétrica,MR01,4QUI,10:05,11:20,
1º,Cálculo I,Engenharia Elétrica,MR01,4QUI,11:30,12:45,
1º,Química Geral ,Engenharia Elétrica,MR01,2TER,7:15,8:30,
1º,Química Geral - PA,Engenharia Elétrica,MR01,2TER,8:40,9:55,
1º,Química Geral - PB,Engenharia Elétrica,MR01,2TER,10:05,11:20,
1º,Comunicação Profissional,Engenharia Elétrica,MR01,5SEX,8:40,9:55,
1º,Introdução à Engenharia,Engenharia Elétrica,MR02,1SEG,7:15,8:30,
1º,Algoritmos e Programação                                                                  ,Engenharia Elétrica,MR02,3QUA,7:15,8:30,
1º,Algoritmos e Programação                                                                  ,Engenharia Elétrica,MR02,3QUA,8:40,9:55,
1º,Cálculo I,Engenharia Elétrica,MR02,4QUI,10:05,11:20,
1º,Cálculo I,Engenharia Elétrica,MR02,4QUI,11:30,12:45,
1º,Química Geral ,Engenharia Elétrica,MR02,2TER,7:15,8:30,
1º,Química Geral - PA,Engenharia Elétrica,MR02,2TER,8:40,9:55,
1º,Química Geral - PB,Engenharia Elétrica,MR02,2TER,10:05,11:20,
1º,Comunicação Profissional,Engenharia Elétrica,MR02,4QUI,8:40,9:55,
1º,Introdução à Engenharia,Engenharia Elétrica,VR01,1SEG,13:15,14:30,
1º,Algoritmos e Programação                                                                  ,Engenharia Elétrica,VR01,2TER,14:40,15:55,
1º,Algoritmos e Programação                                                                  ,Engenharia Elétrica,VR01,2TER,16:05,17:20,
1º,Cálculo I,Engenharia Elétrica,VR01,4QUI,14:40,15:55,
1º,Cálculo I,Engenharia Elétrica,VR01,4QUI,16:05,17:20,
1º,Química Geral ,Engenharia Elétrica,VR01,1SEG,14:40,15:55,
1º,Química Geral - PA,Engenharia Elétrica,VR01,1SEG,16:05,17:20,
1º,Química Geral - PB,Engenharia Elétrica,VR01,1SEG,17:30,18:45,
1º,Comunicação Profissional,Engenharia Elétrica,VR01,4QUI,17:30,18:45,
1º,Introdução à Engenharia,Engenharia Elétrica,NR01,1SEG,20:35,21:50,
1º,Algoritmos e Programação                                                                  ,Engenharia Elétrica,NR01,4QUI,19:00,20:15,
1º,Algoritmos e Programação                                                                  ,Engenharia Elétrica,NR01,4QUI,20:35,21:50,
1º,Cálculo I,Engenharia Elétrica,NR01,3QUA,19:00,20:15,
1º,Cálculo I,Engenharia Elétrica,NR01,3QUA,20:35,21:50,
1º,Química Geral ,Engenharia Elétrica,NR01,2TER,17:30,18:45,
1º,Química Geral - PA,Engenharia Elétrica,NR01,2TER,19:00,20:15,
1º,Química Geral - PB,Engenharia Elétrica,NR01,2TER,20:35,21:50,
1º,Comunicação Profissional,Engenharia Elétrica,NR01,1SEG,19:00,20:15,
2º,Física - Mecânica,Engenharia Elétrica,MR01,1SEG,10:05,11:20,
2º,Física - Mecânica - PA,Engenharia Elétrica,MR01,1SEG,11:30,11:45,
2º,Linguagem de Programação,Engenharia Elétrica,MR01,3QUA,7:15,8:30,
2º,Linguagem de Programação,Engenharia Elétrica,MR01,3QUA,8:40,9:55,
2º,Geometria Analítica e Álgebra Linear,Engenharia Elétrica,MR01,4QUI,7:15,8:30,
2º,Geometria Analítica e Álgebra Linear,Engenharia Elétrica,MR01,4QUI,8:40,9:55,
2º,Cálculo II,Engenharia Elétrica,MR01,2TER,7:15,8:30,
2º,Cálculo II,Engenharia Elétrica,MR01,2TER,8:40,9:55,
2º,Sistemas Digitais,Engenharia Elétrica,MR01,2TER,10:05,11:20,
2º,Sistemas Digitais,Engenharia Elétrica,MR01,2TER,11:30,12:45,
2º,Desafios Contemporâneos,Engenharia Elétrica,MR01,3QUA,10:05,11:20,
2º,Física - Mecânica,Engenharia Elétrica,NR01,4QUI,19:00,20:15,
2º,Física - Mecânica - PA,Engenharia Elétrica,NR01,4QUI,20:35,21:50,
2º,Linguagem de Programação,Engenharia Elétrica,NR01,2TER,19:00,20:15,
2º,Linguagem de Programação,Engenharia Elétrica,NR01,2TER,20:35,21:50,
2º,Geometria Analítica e Álgebra Linear,Engenharia Elétrica,NR01,3QUA,19:00,20:15,
2º,Geometria Analítica e Álgebra Linear,Engenharia Elétrica,NR01,3QUA,20:35,21:50,
2º,Cálculo II,Engenharia Elétrica,NR01,6SAB,07:15,08:30,
2º,Cálculo II,Engenharia Elétrica,NR01,6SAB,08:40,09:55,
2º,Sistemas Digitais,Engenharia Elétrica,NR01,1SEG,19:00,21:50,
2º,Sistemas Digitais,Engenharia Elétrica,NR01,1SEG,20:35,21:50,
2º,Desafios Contemporâneos,Engenharia Elétrica,NR01,5SEX,19:00,20:15,
3º,Expressão Gráfica,Engenharia Elétrica,MR01,3QUA,10:05,11:20,
3º,Expressão Gráfica,Engenharia Elétrica,MR01,3QUA,11:30,12:45,
3º,Cálculo III,Engenharia Elétrica,MR01,4QUI,7:15,8:30,
3º,Cálculo III,Engenharia Elétrica,MR01,4QUI,8:40,9:55,
3º,Física - Eletricidade,Engenharia Elétrica,MR01,5SEX,8:40,9:55,
3º,Física - Eletricidade - PA,Engenharia Elétrica,MR01,5SEX,7:15,8:30,
3º,Física - Eletricidade - PB,Engenharia Elétrica,MR01,5SEX,10:05,11:20,
3º,Mecânica dos Sólidos,Engenharia Elétrica,MR01,2TER,7:15,8:30,
3º,Mecânica dos Sólidos,Engenharia Elétrica,MR01,2TER,8:40,9:55,
3º,Probabilidade e Estatística,Engenharia Elétrica,MR01,3QUA,8:40,9:55,
3º,Expressão Gráfica,Engenharia Elétrica,NR01,1SEG,19:00,20:15,
3º,Expressão Gráfica,Engenharia Elétrica,NR01,1SEG,20:35,21:50,
3º,Cálculo III,Engenharia Elétrica,NR01,2TER,19:00,20:15,
3º,Cálculo III,Engenharia Elétrica,NR01,2TER,20:35,21:50,
3º,Física - Eletricidade,Engenharia Elétrica,NR01,3QUA,19:00,20:15,
3º,Física - Eletricidade - PA,Engenharia Elétrica,NR01,3QUA,20:35,21:50,
3º,Mecânica dos Sólidos,Engenharia Elétrica,NR01,4QUI,19:00,20:15,
3º,Mecânica dos Sólidos,Engenharia Elétrica,NR01,4QUI,20:35,21:50,
3º,Probabilidade e Estatística,Engenharia Elétrica,NR01,5SEX,20:35,21:50,
4º,Ciência e Tecnologia dos Materiais,Engenharia Elétrica,NR01,3QUA,19:00,20:15,
4º,Ciência e Tecnologia dos Materiais,Engenharia Elétrica,NR01,3QUA,20:35,21:50,
4º,Cálculo IV,Engenharia Elétrica,NR01,1SEG,17:30,18:45,
4º,Cálculo IV,Engenharia Elétrica,NR01,2TER,17:30,18:45,
4º,Circuitos Elétricos I,Engenharia Elétrica,NR01,1SEG,19:00,20:15,
4º,Circuitos Elétricos I,Engenharia Elétrica,NR01,1SEG,20:35,21:50,
4º,Fenômenos de Transporte I,Engenharia Elétrica,NR01,2TER,19:00,20:15,
4º,Fenômenos de Transporte I,Engenharia Elétrica,NR01,2TER,20:35,21:50,
4º,Conectividade de Sistemas Elétricos,Engenharia Elétrica,NR01,3QUA,17:30,18:45,
4º,Cálculo Numérico,Engenharia Elétrica,NR01,5SEX,19:00,20:15,
5º,Eletromagnetismo,Engenharia Elétrica,NR01,1SEG,19:00,20:15,
5º,Eletromagnetismo,Engenharia Elétrica,NR01,1SEG,20:35,21:50,
5º,Sinais e Sistemas,Engenharia Elétrica,NR01,3QUA,19:00,20:15,
5º,Sinais e Sistemas,Engenharia Elétrica,NR01,3QUA,20:35,21:50,
5º,Eletrônica Analógica,Engenharia Elétrica,NR01,4QUI,19:00,20:15,
5º,Eletrônica Analógica,Engenharia Elétrica,NR01,4QUI,20:35,21:50,
5º,Circuitos Elétricos II,Engenharia Elétrica,NR01,5SEX,19:00,20:15,
5º,Circuitos Elétricos II,Engenharia Elétrica,NR01,5SEX,20:35,21:50,
5º,Fenômenos de Transporte I,Engenharia Elétrica,NR01,2TER,19:00,20:15,
5º,Fenômenos de Transporte I,Engenharia Elétrica,NR01,2TER,20:35,21:50,
5º,Filosofia,Engenharia Elétrica,NR01,2TER,17:30,18:45,
6º,Redes Industriais,Engenharia Elétrica,NR01,4QUI,19:00,20:15,
6º,Redes Industriais,Engenharia Elétrica,NR01,4QUI,20:35,21:50,
6º,Controle I,Engenharia Elétrica,NR01,2TER,19:00,20:15,
6º,Controle I,Engenharia Elétrica,NR01,2TER,20:35,21:50,
6º,Conversão Eletromecânica de Energia,Engenharia Elétrica,NR01,5SEX,19:00,20:15,
6º,Conversão Eletromecânica de Energia,Engenharia Elétrica,NR01,5SEX,20:35,21:50,
6º,Potencial Energético e Energias Renováveis,Engenharia Elétrica,NR01,3QUA,19:00,20:15,
6º,Potencial Energético e Energias Renováveis,Engenharia Elétrica,NR01,3QUA,20:35,21:50,
6º,Eletrônica de Potência,Engenharia Elétrica,NR01,1SEG,19:00,20:15,
6º,Eletrônica de Potência,Engenharia Elétrica,NR01,1SEG,20:35,21:50,
6º,Psicologia e Comportamento,Engenharia Elétrica,NR01,1SEG,17:30,18:45,
7º,Geração de Energia Elétrica,Engenharia Elétrica,NR01,1SEG,19:00,20:15,
7º,Geração de Energia Elétrica,Engenharia Elétrica,NR01,1SEG,20:35,21:50,
7º,Máquinas Elétricas,Engenharia Elétrica,NR01,4QUI,19:00,20:15,
7º,Máquinas Elétricas,Engenharia Elétrica,NR01,4QUI,20:35,21:50,
7º,Sistemas de Potência I,Engenharia Elétrica,NR01,2TER,19:00,20:15,
7º,Sistemas de Potência I,Engenharia Elétrica,NR01,2TER,20:35,21:50,
7º,Controle II ,Engenharia Elétrica,NR01,5SEX,19:00,20:15,
7º,Controle II ,Engenharia Elétrica,NR01,5SEX,20:35,21:50,
7º,Empreendedorismo                                                                          ,Engenharia Elétrica,NR01,3QUA,19:00,20:15,
7º,Arte e Cultura,Engenharia Elétrica,NR01,3QUA,20:35,21:50,
8º,Expressão Gráfica e Projetos Elétricos,Engenharia Elétrica,NR01,5SEX,19:00,20:15,
8º,Expressão Gráfica e Projetos Elétricos,Engenharia Elétrica,NR01,5SEX,20:35,21:50,
8º,Sistemas de Potência II ,Engenharia Elétrica,NR01,4QUI,19:00,20:15,
8º,Sistemas de Potência II ,Engenharia Elétrica,NR01,4QUI,20:35,21:50,
8º,Tecnologia dos Equipamentos Elétricos,Engenharia Elétrica,NR01,2TER,19:00,20:15,
8º,Tecnologia dos Equipamentos Elétricos,Engenharia Elétrica,NR01,2TER,20:35,21:50,
8º,"Sociedade, Direito e Cidadania",Engenharia Elétrica,NR01,3QUA,19:00,20:15,
8º,Saúde e Qualidade de Vida ,Engenharia Elétrica,NR01,3QUA,20:35,21:50,
9º,Acionamentos Elétricos,Engenharia Elétrica,NR01,3QUA,19:00,20:15,
9º,Acionamentos Elétricos,Engenharia Elétrica,NR01,3QUA,20:35,21:50,
9º,Instalações e Equipamentos Elétricos Industriais,Engenharia Elétrica,NR01,6SAB,10:05,11:20,
9º,Instalações e Equipamentos Elétricos Industriais,Engenharia Elétrica,NR01,6SAB,11:30,12:45,
9º,Transmissão e Distribuição de Energia Elétrica,Engenharia Elétrica,NR01,4QUI,19:00,20:15,
9º,Transmissão e Distribuição de Energia Elétrica,Engenharia Elétrica,NR01,4QUI,20:35,21:50,
9º,Sistemas de Potência III,Engenharia Elétrica,NR01,5SEX,19:00,20:15,
9º,Sistemas de Potência III,Engenharia Elétrica,NR01,5SEX,20:35,21:50,
10º,Redes TCP/IP - Programação e Aplicações,Engenharia Elétrica,NR01,1SEG,19:00,20:15,
10º,Redes TCP/IP - Programação e Aplicações,Engenharia Elétrica,NR01,1SEG,20:35,21:50,
10º,Automação e Instrumentação II,Engenharia Elétrica,NR01,1SEG,17:30,18:45,
10º,Automação e Instrumentação II,Engenharia Elétrica,NR01,4QUI,17:30,18:45,
10º,Gestão de Empreendimentos de Engenharia,Engenharia Elétrica,NR01,5SEX,19:00,20:15,
10º,Planejamento e Operação de Sistemas Elétricos,Engenharia Elétrica,NR01,3QUA,17:30,18:45,
10º,Tópicos em Sistemas de Energia Elétrica,Engenharia Elétrica,NR01,6SAB,8:40,9:55,
1º,Introdução à Engenharia,Engenharia Mecatrônica,MR01,3QUA,8:40,9:55,
1º,Algoritmos e Programação                                                                  ,Engenharia Mecatrônica,MR01,2TER,7:15,8:30,
1º,Algoritmos e Programação                                                                  ,Engenharia Mecatrônica,MR01,2TER,8:40,9:55,
1º,Cálculo I,Engenharia Mecatrônica,MR01,1SEG,7:15,8:30,
1º,Cálculo I,Engenharia Mecatrônica,MR01,1SEG,8:40,9:55,
1º,Química Geral,Engenharia Mecatrônica,MR01,4QUI,7:15,8:30,
1º,Química Geral - PA,Engenharia Mecatrônica,MR01,4QUI,8:40,9:55,
1º,Química Geral - PB,Engenharia Mecatrônica,MR01,4QUI,10:05,11:20,
1º,Comunicação Profissional,Engenharia Mecatrônica,MR01,3QUA,10:05,11:20,
,,Engenharia Mecatrônica,,,,,
1º,Introdução à Engenharia,Engenharia Mecatrônica,VR01,5SEX,19:00,20:15,
1º,Algoritmos e Programação                                                                  ,Engenharia Mecatrônica,VR01,5SEX,20:35,21:50,
1º,Algoritmos e Programação                                                                  ,Engenharia Mecatrônica,VR01,1SEG,17:30,18:45,
1º,Cálculo I,Engenharia Mecatrônica,VR01,3QUA,17:30,18:45,
1º,Cálculo I,Engenharia Mecatrônica,VR01,2TER,19:00,20:15,
1º,Química Geral,Engenharia Mecatrônica,VR01,2TER,20:35,21:50,
1º,Química Geral - PA,Engenharia Mecatrônica,VR01,1SEG,19:00,20:15,
1º,Química Geral - PB,Engenharia Mecatrônica,VR01,1SEG,20:35,21:50,
1º,Comunicação Profissional,Engenharia Mecatrônica,VR01,5SEX,20:35,21:50,
,,Engenharia Mecatrônica,,,,,
1º,Introdução à Engenharia,Engenharia Mecatrônica,NR01,1SEG,19:00,20:15,
1º,Algoritmos e Programação                                                                  ,Engenharia Mecatrônica,NR01,5SEX,19:00,20:15,
1º,Algoritmos e Programação                                                                  ,Engenharia Mecatrônica,NR01,5SEX,20:35,21:50,
1º,Cálculo I,Engenharia Mecatrônica,NR01,2TER,19:00,20:15,
1º,Cálculo I,Engenharia Mecatrônica,NR01,2TER,20:35,21:50,
1º,Química Geral,Engenharia Mecatrônica,NR01,3QUA,17:30,18:45,
1º,Química Geral - PA,Engenharia Mecatrônica,NR01,3QUA,19:00,20:15,
1º,Química Geral - PB,Engenharia Mecatrônica,NR01,3QUA,20:35,21:50,
1º,Comunicação Profissional,Engenharia Mecatrônica,NR01,1SEG,20:35,21:50,
,,Engenharia Mecatrônica,,,,,
3º,Física - Eletricidade,Engenharia Mecatrônica,NR01,5SEX,17:30,18:45,
3º,Física - Eletricidade - PA,Engenharia Mecatrônica,NR01,5SEX,19:00,20:15,
3º,Física - Eletricidade - PB,Engenharia Mecatrônica,NR01,5SEX,20:35,21:50,
3º,Mecânica dos Sólidos,Engenharia Mecatrônica,NR01,3QUA,19:00,20:15,
3º,Mecânica dos Sólidos,Engenharia Mecatrônica,NR01,3QUA,20:35,21:50,
3º,Estrutura de Dados com Orientação a Objetos,Engenharia Mecatrônica,NR01,2TER,19:00,20:15,
3º,Estrutura de Dados com Orientação a Objetos,Engenharia Mecatrônica,NR01,2TER,20:35,21:50,
3º,Cálculo III,Engenharia Mecatrônica,NR01,4QUI,19:00,20:15,
3º,Cálculo III,Engenharia Mecatrônica,NR01,4QUI,20:35,21:50,
3º,Sistemas Digitais,Engenharia Mecatrônica,NR01,1SEG,19:00,21:50,
3º,Sistemas Digitais,Engenharia Mecatrônica,NR01,1SEG,20:35,21:50,
3º,Desenvolvimento Humano e Social,Engenharia Mecatrônica,NR01,1SEG,17:30,18:45,
,,Engenharia Mecatrônica,,,,,
4º,Circuitos Elétricos I,Engenharia Mecatrônica,NR01,5SEX,19:00,20:15,
4º,Circuitos Elétricos I,Engenharia Mecatrônica,NR01,5SEX,20:35,21:50,
4º,Microcontroladores e Aplicações,Engenharia Mecatrônica,NR01,1SEG,19:00,20:15,
4º,Microcontroladores e Aplicações,Engenharia Mecatrônica,NR01,1SEG,20:35,21:50,
4º,Ciência e Tecnologia dos Materiais,Engenharia Mecatrônica,NR01,3QUA,19:00,20:15,
4º,Ciência e Tecnologia dos Materiais,Engenharia Mecatrônica,NR01,3QUA,20:35,21:50,
4º,Cálculo IV,Engenharia Mecatrônica,NR01,2TER,19:00,20:15,
4º,Cálculo IV,Engenharia Mecatrônica,NR01,2TER,20:35,21:50,
4º,Cálculo Numérico,Engenharia Mecatrônica,NR01,1SEG,17:30,18:45,
,,Engenharia Mecatrônica,,,,,
5º,Eletromagnetismo,Engenharia Mecatrônica,NR01,3QUA,19:00,20:15,
5º,Eletromagnetismo,Engenharia Mecatrônica,NR01,3QUA,20:35,21:50,
5º,Sinais e Sistemas,Engenharia Mecatrônica,NR01,1SEG,17:30,18:45,
5º,Sinais e Sistemas,Engenharia Mecatrônica,NR01,3QUA,17:30,18:45,
5º,Eletrônica Analógica,Engenharia Mecatrônica,NR01,2TER,19:00,20:15,
5º,Eletrônica Analógica,Engenharia Mecatrônica,NR01,2TER,20:35,21:50,
5º,Microcontroladores e Aplicações,Engenharia Mecatrônica,NR01,1SEG,19:00,20:15,
5º,Microcontroladores e Aplicações,Engenharia Mecatrônica,NR01,1SEG,20:35,21:50,
5º,Meio Ambiente e Sustentabilidade,Engenharia Mecatrônica,NR01,2TER,17:30,18:45,
,,Engenharia Mecatrônica,,,,,
6º,Resistência dos Materiais I,Engenharia Mecatrônica,NR01,1SEG,19:00,20:15,
6º,Resistência dos Materiais I,Engenharia Mecatrônica,NR01,1SEG,20:35,21:50,
6º,Acionamentos para Automação                                                               ,Engenharia Mecatrônica,NR01,1SEG,17:30,18:45,
6º,Acionamentos para Automação                                                               ,Engenharia Mecatrônica,NR01,5SEX,17:30,18:45,
6º,Controle I                                                                                ,Engenharia Mecatrônica,NR01,2TER,19:00,20:15,
6º,Controle I                                                                                ,Engenharia Mecatrônica,NR01,2TER,20:35,21:50,
6º,Psicologia e Comportamento                                                                ,Engenharia Mecatrônica,NR01,5SEX,19:00,20:15,
6º,Mecânica dos Fluídos I,Engenharia Mecatrônica,NR01,3QUA,17:30,18:45,
6º,Mecânica dos Fluídos I,Engenharia Mecatrônica,NR01,2TER,17:30,18:45,
6º,Redes Industriais,Engenharia Mecatrônica,NR01,3QUA,19:00,20:15,
6º,Redes Industriais,Engenharia Mecatrônica,NR01,3QUA,20:35,21:50,
,,Engenharia Mecatrônica,,,,,
7º,Processos de Fabricação Mecânica I,Engenharia Mecatrônica,NR01,2TER,19:00,20:15,
7º,Processos de Fabricação Mecânica I,Engenharia Mecatrônica,NR01,2TER,20:35,21:50,
7º,Controle II,Engenharia Mecatrônica,NR01,5SEX,19:00,20:15,
7º,Controle II,Engenharia Mecatrônica,NR01,5SEX,20:35,21:50,
7º,Probabilidade e Estatística,Engenharia Mecatrônica,NR01,4QUI,17:30,18:45,
7º,Elementos de Máquinas e Mecanismos,Engenharia Mecatrônica,NR01,2TER,19:00,20:15,
7º,Elementos de Máquinas e Mecanismos,Engenharia Mecatrônica,NR01,2TER,20:35,21:50,
7º,Filosofia,Engenharia Mecatrônica,NR01,2TER,17:30,18:45,
7º,Arte e Cultura,Engenharia Mecatrônica,NR01,5SEX,17:30,18:45,
,,Engenharia Mecatrônica,,,,,
8º,Automação e Instrumentação,Engenharia Mecatrônica,NR01,2TER,19:00,20:15,
8º,Automação e Instrumentação,Engenharia Mecatrônica,NR01,2TER,20:35,21:50,
8º,Sistemas Hidráulicos e Pneumáticos,Engenharia Mecatrônica,NR01,5SEX,19:00,20:15,
8º,Sistemas Hidráulicos e Pneumáticos,Engenharia Mecatrônica,NR01,5SEX,20:35,21:50,
8º,Processamento Digital de Sinais,Engenharia Mecatrônica,NR01,3QUA,19:00,20:15,
8º,Processamento Digital de Sinais,Engenharia Mecatrônica,NR01,3QUA,20:35,21:50,
8º,Vibrações Mecânicas,Engenharia Mecatrônica,NR01,1SEG,19:00,20:15,
8º,Vibrações Mecânicas,Engenharia Mecatrônica,NR01,1SEG,20:35,21:50,
8º,Metodologia da Pesquisa,Engenharia Mecatrônica,NR01,5SEX,17:30,18:45,
8º,"Sociedade, Direito e Cidadania",Engenharia Mecatrônica,NR01,1SEG,17:30,18:45,
,,Engenharia Mecatrônica,,,,,
9º,Projeto e Construção de Máquinas,Engenharia Mecatrônica,NR01,5SEX,19:00,20:15,
9º,Projeto e Construção de Máquinas,Engenharia Mecatrônica,NR01,5SEX,20:35,21:50,
9º,Engenharia Assistida por Computador,Engenharia Mecatrônica,NR01,2TER,19:00,20:15,
9º,Engenharia Assistida por Computador,Engenharia Mecatrônica,NR01,2TER,20:35,21:50,
9º,"Planejamento, Programação e Controle da Produção",Engenharia Mecatrônica,NR01,1SEG,19:00,20:15,
9º,"Planejamento, Programação e Controle da Produção",Engenharia Mecatrônica,NR01,1SEG,20:35,21:50,
9º,Robótica,Engenharia Mecatrônica,NR01,3QUA,19:00,20:15,
9º,Robótica,Engenharia Mecatrônica,NR01,3QUA,20:35,21:50,
9º,Empreendedorismo,Engenharia Mecatrônica,NR01,,,,
,,Engenharia Mecatrônica,,,,,
10º,Gestão da Produção e Logística,Engenharia Mecatrônica,NR01,1SEG,19:00,20:15,
10º,Gestão da Produção e Logística,Engenharia Mecatrônica,NR01,1SEG,20:35,21:50,
10º,Tecnologia de Comando Numérico,Engenharia Mecatrônica,NR01,4QUI,17:30,18:45,
10º,Engenharia Assistida por Computador,Engenharia Mecatrônica,NR01,3QUA,17:30,20:15,
10º,Simulação e Modelagem de Sistemas,Engenharia Mecatrônica,NR01,2TER,19:00,20:15,
10º,Simulação e Modelagem de Sistemas,Engenharia Mecatrônica,NR01,2TER,20:35,21:50,
10º,Gestão de Empreendimentos de Engenharia,Engenharia Mecatrônica,NR01,4QUI,19:00,20:15,
10º,Saúde e Qualidade de Vida,Engenharia Mecatrônica,NR01,2TER,20:35,21:50,
,,Engenharia Mecatrônica,,,,,
1º,Tecnologia da Informação e Comunicação,Redes de Computadores,MR01,,,,
1º,Tecnologia da Informação e Comunicação,Redes de Computadores,MR01,,,,
1º,Arquitetura Cliente/Servidor,Redes de Computadores,MR01,,,,
1º,Arquitetura Cliente/Servidor,Redes de Computadores,MR01,,,,
1º,Algoritmos e Lógica de Programação,Redes de Computadores,MR01,,,,
1º,Algoritmos e Lógica de Programação,Redes de Computadores,MR01,,,,
1º,Arquitetura de Computadores,Redes de Computadores,MR01,,,,
1º,Arquitetura de Computadores,Redes de Computadores,MR01,,,,
1º,Projeto Integrador I,Redes de Computadores,MR01,,,,
1º,Projeto Integrador I,Redes de Computadores,MR01,,,,
1º,Antropologia e Cultura,Redes de Computadores,MR01,,,,
1º,Tecnologia da Informação e Comunicação,Redes de Computadores,NR01,5SEX,19:00,20:15,
1º,Tecnologia da Informação e Comunicação,Redes de Computadores,NR01,5SEX,20:35,21:50,
1º,Arquitetura Cliente/Servidor,Redes de Computadores,NR01,1SEG,19:00,20:15,
1º,Arquitetura Cliente/Servidor,Redes de Computadores,NR01,1SEG,20:35,21:50,
1º,Algoritmos e Lógica de Programação,Redes de Computadores,NR01,3QUA,19:00,20:15,
1º,Algoritmos e Lógica de Programação,Redes de Computadores,NR01,3QUA,20:35,21:50,
1º,Arquitetura de Computadores,Redes de Computadores,NR01,2TER,19:00,20:15,
1º,Arquitetura de Computadores,Redes de Computadores,NR01,2TER,20:35,21:50,
1º,Projeto Integrador I,Redes de Computadores,NR01,6SAB,7:15,8:30,
1º,Projeto Integrador I,Redes de Computadores,NR01,6SAB,8:40,9:55,
1º,Antropologia e Cultura,Redes de Computadores,NR01,4QUI,20:35,21:50,
1º,Tecnologia da Informação e Comunicação,Redes de Computadores,NR02,,,,
1º,Tecnologia da Informação e Comunicação,Redes de Computadores,NR02,,,,
1º,Arquitetura Cliente/Servidor,Redes de Computadores,NR02,,,,
1º,Arquitetura Cliente/Servidor,Redes de Computadores,NR02,,,,
1º,Algoritmos e Lógica de Programação,Redes de Computadores,NR02,,,,
1º,Algoritmos e Lógica de Programação,Redes de Computadores,NR02,,,,
1º,Arquitetura de Computadores,Redes de Computadores,NR02,,,,
1º,Arquitetura de Computadores,Redes de Computadores,NR02,,,,
1º,Projeto Integrador I,Redes de Computadores,NR02,,,,
1º,Projeto Integrador I,Redes de Computadores,NR02,,,,
1º,Antropologia e Cultura,Redes de Computadores,NR02,,,,
2º,Sistemas Operacionais,Redes de Computadores,NR01,3QUA,19:00,20:15,
2º,Sistemas Operacionais,Redes de Computadores,NR01,3QUA,20:35,21:50,
2º,Introdução a Redes de Computadores,Redes de Computadores,NR01,4QUI,19:00,20:15,
2º,Introdução a Redes de Computadores,Redes de Computadores,NR01,4QUI,20:35,21:50,
2º,Banco de Dados,Redes de Computadores,NR01,1SEG,19:00,20:15,
2º,Banco de Dados,Redes de Computadores,NR01,1SEG,20:35,21:50,
2º,Programação para Administração de Redes,Redes de Computadores,NR01,2TER,19:00,20:15,
2º,Programação para Administração de Redes,Redes de Computadores,NR01,2TER,20:35,21:50,
2º,Projeto Integrador II,Redes de Computadores,NR01,5SEX,19:00,20:15,
2º,Projeto Integrador II,Redes de Computadores,NR01,5SEX,20:35,21:50,
2º,Desenvolvimento Humano e Social,Redes de Computadores,NR01,6SAB,7:15,8:30,
3º,Redes e Infraestrutura de Redes,Redes de Computadores,NR01,4QUI,19:00,20:15,
3º,Redes e Infraestrutura de Redes,Redes de Computadores,NR01,4QUI,20:35,21:50,
3º,Sistemas Operacionais de Redes de Computadores - Windows,Redes de Computadores,NR01,6SAB,7:15,8:30,
3º,Sistemas Operacionais de Redes de Computadores - Windows,Redes de Computadores,NR01,6SAB,8:40,9:55,
3º,Interconexão e Protocolos de Redes,Redes de Computadores,NR01,5SEX,19:00,20:15,
3º,Interconexão e Protocolos de Redes,Redes de Computadores,NR01,5SEX,20:35,21:50,
3º,Sistemas Distribuídos,Redes de Computadores,NR01,3QUA,19:00,20:15,
3º,Sistemas Distribuídos,Redes de Computadores,NR01,3QUA,20:35,21:50,
3º,Projeto Integrador III,Redes de Computadores,NR01,2TER,19:00,20:15,
3º,Projeto Integrador III,Redes de Computadores,NR01,2TER,20:35,21:50,
3º,Desafios Contemporâneos,Redes de Computadores,NR01,1SEG,20:35,21:50,
4º,"Redes de Longas distâncias, Sem Fio e Computação Móvel",Redes de Computadores,NR01,3QUA,19:00,20:15,
4º,"Redes de Longas distâncias, Sem Fio e Computação Móvel",Redes de Computadores,NR01,3QUA,20:35,21:50,
4º,Sistemas Operacionais de Computadores-Linux,Redes de Computadores,NR01,4QUI,19:00,20:15,
4º,Sistemas Operacionais de Computadores-Linux,Redes de Computadores,NR01,4QUI,20:35,21:50,
4º,Administração e Gerenciamento de Redes,Redes de Computadores,NR01,1SEG,19:00,20:15,
4º,Administração e Gerenciamento de Redes,Redes de Computadores,NR01,1SEG,20:35,21:50,
4º,Governança de TI,Redes de Computadores,NR01,5SEX,19:00,20:15,
4º,Governança de TI,Redes de Computadores,NR01,5SEX,20:35,21:50,
4º,Projeto Integrador IV,Redes de Computadores,NR01,2TER,19:00,20:15,
4º,Projeto Integrador IV,Redes de Computadores,NR01,2TER,20:35,21:50,
4º,Gerência de Projetos,Redes de Computadores,NR01,6SAB,7:15,8:30,
5º,Governança de TI,Redes de Computadores,NR01,4QUI,18:30,20:10,
5º,Governança de TI,Redes de Computadores,NR01,4QUI,20:20,22:00,
5º,Projetos de Redes de Computadores,Redes de Computadores,NR01,3QUA,18:30,20:10,
5º,Projetos de Redes de Computadores,Redes de Computadores,NR01,3QUA,20:20,22:00,
5º,Serviços Internet,Redes de Computadores,NR01,2TER,18:30,20:10,
5º,Serviços Internet,Redes de Computadores,NR01,2TER,20:20,22:00,
5º,Segurança em Redes de Computadores,Redes de Computadores,NR01,5SEX,18:30,20:10,
5º,Segurança em Redes de Computadores,Redes de Computadores,NR01,5SEX,20:20,22:00,
5º,Segurança da Informação e Criptografia,Redes de Computadores,NR01,1SEG,18:30,20:10,
5º,Segurança da Informação e Criptografia,Redes de Computadores,NR01,1SEG,20:20,22:00,
5º,Governança de TI,Redes de Computadores,NR02,4QUI,18:30,20:10,
5º,Governança de TI,Redes de Computadores,NR02,4QUI,20:20,22:00,
5º,Projetos de Redes de Computadores,Redes de Computadores,NR02,5SEX,18:30,20:10,
5º,Projetos de Redes de Computadores,Redes de Computadores,NR02,5SEX,20:20,22:00,
5º,Serviços Internet,Redes de Computadores,NR02,1SEG,18:30,20:10,
5º,Serviços Internet,Redes de Computadores,NR02,1SEG,20:20,22:00,
5º,Segurança em Redes de Computadores,Redes de Computadores,NR02,3QUA,18:30,20:10,
5º,Segurança em Redes de Computadores,Redes de Computadores,NR02,3QUA,20:20,22:00,
5º,Segurança da Informação e Criptografia,Redes de Computadores,NR02,2TER,18:30,20:10,
5º,Segurança da Informação e Criptografia,Redes de Computadores,NR02,2TER,20:20,22:00,
1º,Algoritmos e Programação                                                        ,Sistemas de Informação,MR01,,,,
1º,Algoritmos e Programação                                                        ,Sistemas de Informação,MR01,,,,
1º,Comunicação Profissional,Sistemas de Informação,MR01,,,,
1º,Introdução à Computação                                                                   ,Sistemas de Informação,MR01,,,,
1º,Introdução à Computação                                                                   ,Sistemas de Informação,MR01,,,,
1º,Fundamentos de Matemática para Computação                                                 ,Sistemas de Informação,MR01,,,,
1º,Fundamentos de Matemática para Computação                                                 ,Sistemas de Informação,MR01,,,,
1º,Sistemas de Informação                                                                 ,Sistemas de Informação,MR01,,,,
1º,Sistemas de Informação                                                                 ,Sistemas de Informação,MR01,,,,
1º,Algoritmos e Programação                                                        ,Sistemas de Informação,NR01,2TER,19:00,20:15,
1º,Algoritmos e Programação                                                        ,Sistemas de Informação,NR01,2TER,20:35,21:50,
1º,Comunicação Profissional,Sistemas de Informação,NR01,5SEX,20:35,21:50,
1º,Introdução à Computação                                                                   ,Sistemas de Informação,NR01,1SEG,19:00,20:15,
1º,Introdução à Computação                                                                   ,Sistemas de Informação,NR01,1SEG,20:35,21:50,
1º,Fundamentos de Matemática para Computação                                                 ,Sistemas de Informação,NR01,3QUA,19:00,20:15,
1º,Fundamentos de Matemática para Computação                                                 ,Sistemas de Informação,NR01,3QUA,20:35,21:50,
1º,Sistemas de Informação                                                                 ,Sistemas de Informação,NR01,4QUI,19:00,20:15,
1º,Sistemas de Informação                                                                 ,Sistemas de Informação,NR01,4QUI,20:35,21:50,
1º,Algoritmos e Programação                                                        ,Sistemas de Informação,NR02,,,,
1º,Algoritmos e Programação                                                        ,Sistemas de Informação,NR02,,,,
1º,Comunicação Profissional,Sistemas de Informação,NR02,,,,
1º,Introdução à Computação                                                                   ,Sistemas de Informação,NR02,,,,
1º,Introdução à Computação                                                                   ,Sistemas de Informação,NR02,,,,
1º,Fundamentos de Matemática para Computação                                                 ,Sistemas de Informação,NR02,,,,
1º,Fundamentos de Matemática para Computação                                                 ,Sistemas de Informação,NR02,,,,
1º,Sistemas de Informação                                                                 ,Sistemas de Informação,NR02,,,,
1º,Sistemas de Informação                                                                 ,Sistemas de Informação,NR02,,,,
2º,Linguagem de Programação,Sistemas de Informação,NR01,3QUA,19:00,20:15,
2º,Linguagem de Programação,Sistemas de Informação,NR01,3QUA,20:35,21:50,
2º,Fundamentos de Matemática Discreta,Sistemas de Informação,NR01,5SEX,19:00,20:15,
2º,Fundamentos de Matemática Discreta,Sistemas de Informação,NR01,5SEX,20:35,21:50,
2º,Cálculo I ,Sistemas de Informação,NR01,2TER,19:00,20:15,
2º,Cálculo I ,Sistemas de Informação,NR01,2TER,20:35,21:50,
2º,Arquitetura e Organização de Computadores,Sistemas de Informação,NR01,1SEG,19:00,20:15,
2º,Arquitetura e Organização de Computadores,Sistemas de Informação,NR01,1SEG,20:35,21:50,
2º,Metodologia Científica,Sistemas de Informação,NR01,6SAB,8:40,9:55,
3º,Estrutura de Dados I,Sistemas de Informação,NR01,3QUA,19:00,20:15,
3º,Estrutura de Dados I,Sistemas de Informação,NR01,3QUA,20:35,21:50,
3º,Linguagem e Técnicas de Programação I                                                     ,Sistemas de Informação,NR01,2TER,19:00,20:15,
3º,Linguagem e Técnicas de Programação I                                                     ,Sistemas de Informação,NR01,2TER,20:35,21:50,
3º,Cálculo II                                                                 ,Sistemas de Informação,NR01,1SEG,19:00,20:15,
3º,Cálculo II                                                                 ,Sistemas de Informação,NR01,1SEG,20:35,21:50,
3º,Análise e Modelagem de Sistemas de Informação,Sistemas de Informação,NR01,4QUI,19:00,20:15,
3º,Análise e Modelagem de Sistemas de Informação,Sistemas de Informação,NR01,4QUI,20:35,21:50,
3º,Desafios Contemporâneos,Sistemas de Informação,NR01,5SEX,20:35,21:50,
4º,Estrutura de Dados II,Sistemas de Informação,NR01,1SEG,19:00,20:15,
4º,Estrutura de Dados II,Sistemas de Informação,NR01,1SEG,20:35,21:50,
4º,Linguagens e Técnicas de Programação II,Sistemas de Informação,NR01,3QUA,19:00,20:15,
4º,Linguagens e Técnicas de Programação II,Sistemas de Informação,NR01,3QUA,20:35,21:50,
4º,Sistemas Operacionais,Sistemas de Informação,NR01,4QUI,19:00,20:15,
4º,Sistemas Operacionais,Sistemas de Informação,NR01,4QUI,20:35,21:50,
4º,Engenharia de Software I,Sistemas de Informação,NR01,2TER,19:00,20:15,
4º,Engenharia de Software I,Sistemas de Informação,NR01,2TER,20:35,21:50,
4º,Probabilidade e Estatística,Sistemas de Informação,NR01,,,,
4º,Probabilidade e Estatística,Sistemas de Informação,NR01,5SEX,20:35,21:50,
4º,Meio Ambiente e Sustentabilidade,Sistemas de Informação,NR01,,,,
5º,Banco de Dados I,Sistemas de Informação,NR01,5SEX,19:00,20:15,
5º,Banco de Dados I,Sistemas de Informação,NR01,5SEX,20:35,21:50,
5º,Redes de Computadores I,Sistemas de Informação,NR01,3QUA,19:00,20:15,
5º,Redes de Computadores I,Sistemas de Informação,NR01,3QUA,20:35,21:50,
5º,Matemática Aplicada,Sistemas de Informação,NR01,1SEG,19:00,20:15,
5º,Matemática Aplicada,Sistemas de Informação,NR01,1SEG,20:35,21:50,
5º,Linguagens e Técnicas de Programação III,Sistemas de Informação,NR01,4QUI,19:00,20:15,
5º,Linguagens e Técnicas de Programação III,Sistemas de Informação,NR01,4QUI,20:35,21:50,
5º,Engenharia de Software II,Sistemas de Informação,NR01,2TER,19:00,20:15,
5º,Engenharia de Software II,Sistemas de Informação,NR01,2TER,20:35,21:50,
5º,Empreendedorismo                                                                          ,Sistemas de Informação,NR01,6SAB,8:40,9:55,
6º,Desenvolvimento de Aplicações para Web                                                    ,Sistemas de Informação,NR01,1SEG,19:00,20:15,
6º,Desenvolvimento de Aplicações para Web                                                    ,Sistemas de Informação,NR01,1SEG,20:35,21:50,
6º,Sistemas Distribuídos                                                                     ,Sistemas de Informação,NR01,2TER,19:00,20:15,
6º,Sistemas Distribuídos                                                                     ,Sistemas de Informação,NR01,2TER,20:35,21:50,
6º,Redes de Computadores II,Sistemas de Informação,NR01,3QUA,19:00,20:15,
6º,Redes de Computadores II,Sistemas de Informação,NR01,3QUA,20:35,21:50,
6º,Banco de Dados II,Sistemas de Informação,NR01,4QUI,19:00,20:15,
6º,Banco de Dados II,Sistemas de Informação,NR01,4QUI,20:35,21:50,
6º,Governança de TI,Sistemas de Informação,NR01,5SEX,19:00,20:15,
6º,Governança de TI,Sistemas de Informação,NR01,5SEX,20:35,21:50,
6º,Metodologia da Pesquisa,Sistemas de Informação,NR01,2TER,17:30,18:45,
7º,Linguagens Formais de Compiladores,Sistemas de Informação,NR01,3QUA,19:00,20:15,
7º,Linguagens Formais de Compiladores,Sistemas de Informação,NR01,3QUA,20:35,21:50,
7º,Gerência de Projetos de Sistemas de Informação,Sistemas de Informação,NR01,1SEG,19:00,20:15,
7º,Auditoria e Segurança de Sistemas de Informação,Sistemas de Informação,NR01,5SEX,19:00,20:15,
7º,Auditoria e Segurança de Sistemas de Informação,Sistemas de Informação,NR01,5SEX,20:35,21:50,
7º,Psicologia e Comportamento,Sistemas de Informação,NR01,4QUI,20:35,21:50,
8º,Sistemas de Informação Aplicados                                                          ,Sistemas de Informação,NR01,2TER,19:00,20:15,
8º,Sistemas de Informação Aplicados                                                          ,Sistemas de Informação,NR01,2TER,20:35,21:50,
8º,Interface Homem-Computador                                                                ,Sistemas de Informação,NR01,4QUI,19:00,20:15,
8º,Interface Homem-Computador                                                                ,Sistemas de Informação,NR01,4QUI,20:35,21:50,
8º,"Sociedade, Direito e Cidadania                                                            ",Sistemas de Informação,NR01,3QUA,20:35,21:50,
8º,Filosofia,Sistemas de Informação,NR01,3QUA,19:00,20:15,
1º,Gerência de Sistemas de Informação,Sistemas para Internet,MR01,,,,
1º,Gerência de Sistemas de Informação,Sistemas para Internet,MR01,,,,
1º,Interação Homem Computador,Sistemas para Internet,MR01,,,,
1º,Interação Homem Computador,Sistemas para Internet,MR01,,,,
1º,Tecnologia da Informação e Comunicação,Sistemas para Internet,MR01,,,,
1º,Tecnologia da Informação e Comunicação,Sistemas para Internet,MR01,,,,
1º,Algoritmos e Lógica de Programação,Sistemas para Internet,MR01,,,,
1º,Algoritmos e Lógica de Programação,Sistemas para Internet,MR01,,,,
1º,Projeto Integrador I,Sistemas para Internet,MR01,,,,
1º,Projeto Integrador I,Sistemas para Internet,MR01,,,,
1º,Antropologia e Cultura,Sistemas para Internet,MR01,,,,
1º,Gerência de Sistemas de Informação,Sistemas para Internet,NR01,1SEG,19:00,20:15,
1º,Gerência de Sistemas de Informação,Sistemas para Internet,NR01,1SEG,20:35,21:50,
1º,Interação Homem Computador,Sistemas para Internet,NR01,6SAB,7:15,8:30,
1º,Interação Homem Computador,Sistemas para Internet,NR01,6SAB,8:40,9:55,
1º,Tecnologia da Informação e Comunicação,Sistemas para Internet,NR01,3QUA,19:00,20:15,
1º,Tecnologia da Informação e Comunicação,Sistemas para Internet,NR01,3QUA,20:35,21:50,
1º,Algoritmos e Lógica de Programação,Sistemas para Internet,NR01,2TER,19:00,20:15,
1º,Algoritmos e Lógica de Programação,Sistemas para Internet,NR01,2TER,20:35,21:50,
1º,Projeto Integrador I,Sistemas para Internet,NR01,5SEX,19:00,20:15,
1º,Projeto Integrador I,Sistemas para Internet,NR01,5SEX,20:35,21:50,
1º,Antropologia e Cultura,Sistemas para Internet,NR01,4QUI,20:35,21:50,
2º,Midias Sociais,Sistemas para Internet,NR01,2TER,19:00,20:15,
2º,Midias Sociais,Sistemas para Internet,NR01,2TER,20:35,21:50,
2º,Design para Web,Sistemas para Internet,NR01,3QUA,19:00,20:15,
2º,Design para Web,Sistemas para Internet,NR01,3QUA,20:35,21:50,
2º,Sistemas Operacionais,Sistemas para Internet,NR01,4QUI,19:00,20:15,
2º,Sistemas Operacionais,Sistemas para Internet,NR01,4QUI,20:35,21:50,
2º,Análise e Projeto de Sistemas de Informação,Sistemas para Internet,NR01,1SEG,19:00,20:15,
2º,Análise e Projeto de Sistemas de Informação,Sistemas para Internet,NR01,1SEG,20:35,21:50,
2º,Projeto Integrador II,Sistemas para Internet,NR01,5SEX,19:00,20:15,
2º,Projeto Integrador II,Sistemas para Internet,NR01,5SEX,20:35,21:50,
2º,Desenvolvimento Humano e Social,Sistemas para Internet,NR01,6SAB,8:40,9:55,
3º,Desenvolvimento Frontend,Sistemas para Internet,NR01,2TER,19:00,20:15,
3º,Desenvolvimento Frontend,Sistemas para Internet,NR01,2TER,20:35,21:50,
3º,Banco de Dados,Sistemas para Internet,NR01,3QUA,19:00,20:15,
3º,Banco de Dados,Sistemas para Internet,NR01,3QUA,20:35,21:50,
3º,Programação Orientada a objetos,Sistemas para Internet,NR01,1SEG,19:00,20:15,
3º,Programação Orientada a objetos,Sistemas para Internet,NR01,1SEG,20:35,21:50,
3º,Linguagens e Técnicas de Programação Web,Sistemas para Internet,NR01,5SEX,19:00,20:15,
3º,Linguagens e Técnicas de Programação Web,Sistemas para Internet,NR01,5SEX,20:35,21:50,
3º,Projeto Integrador III,Sistemas para Internet,NR01,4QUI,19:00,20:15,
3º,Projeto Integrador III,Sistemas para Internet,NR01,4QUI,20:35,21:50,
3º,Desafios Contemporâneos,Sistemas para Internet,NR01,6SAB,8:40,9:55,
4º,Redes de Computadores,Sistemas para Internet,NR01,2TER,19:00,20:15,
4º,Redes de Computadores,Sistemas para Internet,NR01,2TER,20:35,21:50,
4º,Programação para Dispositivos Móveis,Sistemas para Internet,NR01,5SEX,19:00,20:15,
4º,Programação para Dispositivos Móveis,Sistemas para Internet,NR01,5SEX,20:35,21:50,
4º,Padrões de Projetos,Sistemas para Internet,NR01,3QUA,19:00,20:15,
4º,Padrões de Projetos,Sistemas para Internet,NR01,3QUA,20:35,21:50,
4º,Engenharia de Software,Sistemas para Internet,NR01,1SEG,18:30,20:10,
4º,Engenharia de Software,Sistemas para Internet,NR01,1SEG,20:20,22:00,
4º,Projeto Integrador IV,Sistemas para Internet,NR01,4QUI,19:00,20:15,
4º,Projeto Integrador IV,Sistemas para Internet,NR01,4QUI,20:35,21:50,
4º,Gerência de Projetos,Sistemas para Internet,NR01,6SAB,8:40,9:55,
5º,Sistemas Operacionais de Redes de Computadores - Windows,Sistemas para Internet,NR01,4QUI,18:30,20:10,
5º,Sistemas Operacionais de Redes de Computadores - Windows,Sistemas para Internet,NR01,4QUI,20:20,22:00,
5º,Projetos para Internet II,Sistemas para Internet,NR01,3QUA,18:30,20:10,
5º,Projetos para Internet II,Sistemas para Internet,NR01,3QUA,20:20,22:00,
5º,Engenharia de Software,Sistemas para Internet,NR01,1SEG,18:30,20:10,
5º,Engenharia de Software,Sistemas para Internet,NR01,1SEG,20:20,22:00,
5º,Projetos em Educação a Distância,Sistemas para Internet,NR01,2TER,18:30,20:10,
5º,Projetos em Educação a Distância,Sistemas para Internet,NR01,2TER,20:20,22:00,
5º,Segurança da Informação e Criptografia,Sistemas para Internet,NR01,5SEX,18:30,20:10,
5º,Segurança da Informação e Criptografia,Sistemas para Internet,NR01,5SEX,20:20,22:00,
8º,Sistemas de Telecomunicações ,Engenharia Elétrica,ED,5SEX,17:30,18:45,
8º,Infra-Estrutura de Redes e IP - Estudo Dirigido Eletronica,Engenharia Elétrica,ED,1SEG,17:30,18:45,
8º,Eficiência Energética e Conservação de Energia,Engenharia Elétrica,ED,2TER,17:30,18:45,
7º,Eletromagnetismo II ,Engenharia Elétrica,ED,1SEG,17:30,18:45,
7º,Instalações Consumidoras de Energia Elétrica,Engenharia Elétrica,ED,3QUA,17:30,18:45,
7º,Sistemas de Comunicações Ópticos - Estudo Dirigido Eletronica,Engenharia Elétrica,NX01,6SAB,10:05,11:20,
1º,Metrologia e Instrumentação,Engenharia Elétrica,NX01,2TER,19:00,20:15,
6º,Sistemas de Tempo Real                                 ,Engenharia Elétrica,ED,5SEX,17:30,18:45,
9º,Proteção de Sistemas Elétricos,Engenharia Elétrica,NX01,2TER,19:00,20:15,
9º,Proteção de Sistemas Elétricos,Engenharia Elétrica,NX01,2TER,20:35,21:50,
9º,Sistemas de Telecomunicações II,Engenharia Elétrica,ED,2TER,17:30,18:45,
9º,Processamento Digital de Sinais II,Engenharia Elétrica,ED,5SEX,19:00,20:15,
9º,Arquitetura de Sistemas Microprocessados,Engenharia Elétrica,ED,5SEX,20:35,21:50,
4º,Avaliacao de Desempenho de Sistemas,Engenharia Elétrica,ED,2TER,17:30,18:45,
8º,Trabalho de Conclusão de Curso I = Metodologia da Pesquisa = Presencial,Engenharia Elétrica,NR01,6SAB,8:40,9:55,
4º,Materiais e Medições Elétricas,Engenharia Elétrica,NX01,6SAB,10:05,11:20,
4º,Materiais e Medições Elétricas,Engenharia Elétrica,NX01,6SAB,11:30,12:45,
1º,Cálculo I,Engenharia Elétrica,MX01,5SEX,10:05,11:20,
1º,Cálculo I,Engenharia Elétrica,MX01,5SEX,11:30,12:45,
1º,Sistemas Digitais,Engenharia Elétrica,NX01,5SEX,19:00,20:15,
1º,Sistemas Digitais,Engenharia Elétrica,NX01,5SEX,20:35,21:50,
3º,Estrutura de Dados com Orientação a Objetos,Engenharia Elétrica,NX01,4QUI,19:00,20:15,
3º,Estrutura de Dados com Orientação a Objetos,Engenharia Elétrica,NX01,4QUI,20:35,21:50,
1º,Algoritmos e Programação                                                        ,Engenharia Elétrica,NX01,2TER,19:00,20:15,
1º,Algoritmos e Programação                                                        ,Engenharia Elétrica,NX01,2TER,20:35,21:50,
3º,Mecânica dos Sólidos,Engenharia Mecatrônica,NX01,2TER,19:00,20:15,
3º,Mecânica dos Sólidos,Engenharia Mecatrônica,NX01,2TER,20:35,21:50,
3º,Mecânica dos Sólidos,Engenharia de Computação,NX01,5SEX,19:00,20:15,
3º,Mecânica dos Sólidos,Engenharia de Computação,NX01,5SEX,20:35,21:50,
1º,Algoritmos e Programação                                                        ,Engenharia Elétrica,MX01,3QUA,10:05,11:20,
1º,Algoritmos e Programação                                                        ,Engenharia Elétrica,MX01,3QUA,11:30,12:45,
1º,Algoritmos e Programação                                                        ,Engenharia de Computação,NX01,2TER,17:30,18:45,
1º,Algoritmos e Programação                                                        ,Engenharia de Computação,NX01,4QUI,17:30,18:45,
2º,Linguagem de Programação,Engenharia de Computação,NX01,1SEG,17:30,18:45,
2º,Linguagem de Programação,Engenharia de Computação,NX01,2TER,17:30,18:45,
4º,Cálculo IV,Engenharia Mecatrônica,NX01,6SAB,10:05,11:20,
4º,Cálculo IV,Engenharia Mecatrônica,NX01,6SAB,11:30,12:45,
4º,Cálculo IV,Engenharia de Computação,NX01,2TER,17:30,18:45,
4º,Cálculo IV,Engenharia de Computação,NX01,5SEX,17:30,18:45,
7º,Pesquisa Operacional,Engenharia de Computação,NX01,2TER,17:30,18:45,
7º,Pesquisa Operacional,Engenharia de Computação ,NX01,4QUI,17:30,18:45,
6º,Sistemas Hidráulicos e Pneumáticos                                                        ,Engenharia Mecatrônica,NX01,3QUA,19:00,20:15,
6º,Sistemas Hidráulicos e Pneumáticos                                                        ,Engenharia Mecatrônica,NX01,3QUA,20:35,21:50,
6º,Elementos de Automação e Robótica,Engenharia de Computação,NX01,6SAB,10:05,11:20,
6º,Elementos de Automação e Robótica,Engenharia de Computação,NX01,6SAB,11:30,12:45,
